<?xml version="1.0" encoding="utf-8" ?>
<extension type="package" version="3.x" method="upgrade">
 <identifier>pkg:jshoppingcollectitems</identifier>
 <name>JshoppingCollectItems Package</name>
 <author>KWProductions Co.</author>
 <creationDate>Oct 2022</creationDate>
 <license>GNU/GPLv3 http://www.gnu.org/licenses/gpl-3.0.html</license>
 <packagename>jshoppingcollectitems</packagename>
 <version>1.0.0</version>
 <url>https://www.extensions.kwproductions121.ir</url>
 <packager>Kian William Nowrouzian</packager>
 <packagerurl>https://www.extensions.kwproductions121.ir</packagerurl>
 <description><![CDATA[ This plugin is developed by <a href="https://kwproductions121.ir">KWProductions Co.</a> In case of any problem contact us: webarchitect@kwproductions121.ir <br />. ]]></description>
 <update>http://www.extensions.kwproductions121.ir</update>
 <scriptfile>script.php</scriptfile>
 <files>
   <file type="plugin" client="site" group="system" >jshoppingcollectitems.zip</file>
   <file type="plugin" client="site" group="user" >deleteitemsuserlogout.zip</file>
 </files>
<updateservers>
		<server type="collection" name="pkg_jshoppingcollectitems"><![CDATA[https://www.extensions.kwproductions121.ir/myextensions.xml]]></server>
</updateservers>
 </extension>